{
  "project_info": {
    "project_number": "228552367534",
    "project_id": "nanodisha-npx",
    "storage_bucket": "nanodisha-npx.firebasestorage.app"
  },
  "client": [
    {
      "client_info": {
        "mobilesdk_app_id": "1:228552367534:android:bb540394d88d76cde9bc3f",
        "android_client_info": {
          "package_name": "com.mycompany.nanoDisha"
        }
      },
      "oauth_client": [],
      "api_key": [
        {
          "current_key": "AIzaSyCLEJ-PtO4txGWML70rmz4EpS6GNalvg5Q"
        }
      ],
      "services": {
        "appinvite_service": {
          "other_platform_oauth_client": []
        }
      }
    }
  ],
  "configuration_version": "1"
}